Year,Score,Adjusted Score,Box Office Collection,Imdb_genre,IMDB Rating,metascore,time_minute,Votes
2007,39,42.918,14371564,0,6.7,43,88,84956
2018,85,99.838,117378084,0,6.9,66,100,229292
1996,49,53.174,181489203,0,6.4,58,103,48413
2000,52,54.973,277200000,0,6.2,48,88,254927
2018,84,96.883,94523781,0,6.2,69,102,78498
1993,72,75.039,441286003,0,7,53,125,264071
2012,81,86.532,116044347,0,7.1,66,112,299964
2009,83,87.28,8607693,0,7.2,68,97,77085
1988,97,102.285,151665347,0,7.3,73,104,215913
2001,37,39.436,292102,0,6.5,42,97,57434
2002,83,85.974,77063461,0,6.3,66,102,31217
1993,92,95.802,7961889,0,7.6,78,103,179851
1994,49,52.582,107217396,0,6.9,37,86,296069
2006,73,73.493,500296,0,6.5,66,84,159456
2004,77,84.02,50948811,0,7.2,64,98,167709
2015,84,95.283,141123897,0,6.2,75,125,136145
1985,87,89.154,1.90E+09,0,7,47,91,52723
1995,41,42.391,32648673,0,7.1,46,97,85969
1999,50,51.81,101815660,0,6.7,63,108,49950
2001,65,69.463,60780981,0,6.5,61,90,261336
2001,36,37.554,23182223,0,7,48,100,103764
1996,61,63.827,41004412,0,7,31,92,218210
2012,85,94.102,202812429,0,7.2,69,109,546265
1989,81,84.998,26743547,0,6.9,50,90,128754
1987,98,101.798,67331309,0,7.2,84,133,30773
2009,94,100.04,7788804,0,7.4,83,106,57508
2018,91,112.982,238099711,0,6.9,74,120,166390
2001,90,93.263,42776032,0,7.3,68,87,79340
1978,47,48.221,41590893,0,5.7,72,61,184
2005,85,93.021,3456768,0,7.1,73,116,427394
2014,92,104.957,163503514,0,8.1,88,99,780952
2008,84,91.466,34533783,0,7.9,67,107,413975
1999,61,65.422,234723148,0,7,58,95,399405
2008,78,87.727,168167798,0,7,63,96,327870
2001,71,75.876,141809235,0,6.4,59,96,210717
2014,92,98.335,7285099,0,7.8,79,119,55695
1963,70,73.338,5677384,1,7,78,120,67865
1988,85,89.061,74837061,0,7.5,70,92,291334
1996,82,83.897,181760553,0,7.1,72,117,88134
1991,91,92.68,124033872,0,6.8,70,113,55915
1981,88,89.753,85300000,0,6.8,68,106,73041
1948,89,91.901,567899,1,7.3,23,83,17436
2015,95,104.863,678999,0,7,75,120,242237
2001,80,85.426,277902373,0,6.7,66,97,240519
1987,94,98.953,80642215,0,7.1,83,102,58591
1979,88,87.113,38200000,2,5.7,46,98,17065
1955,100,102.573,77392139,0,6.2,56,104,104076
1992,80,86.312,132440066,0,7.3,69,128,104402
1988,88,88.97,42039000,0,7.4,68,110,70935
1987,91,92.821,456789,0,7.3,67,121,138385
1970,84,88.434,81600000,0,8.4,23,25,55965
1989,91,96.09,678999,0,7.7,76,95,213486
2004,74,78.855,19474552,0,7,64,88,193385
2004,72,78.005,46122713,0,6.9,64,96,214690
1981,88,88.64,81464486,0,6.9,69,97,28435
1982,90,93.872,177200000,0,7.4,88,116,105219
2000,93,96.976,20695413,0,7.4,78,90,61435
1994,94,95.531,741852,0,7.5,70,104,49818
2004,84,91.695,130714469,0,7.1,66,97,370627
1987,56,57.98,38119483,0,7.1,46,96,186965
1992,74,75.631,231600000,0,6.4,51,100,97192
2008,55,62.56,128107642,0,6.9,51,98,289209
1989,61,61.146,6157157,0,6.9,32,97,28331
1983,93,96.506,874512,0,7.3,55,98,106901
1999,90,94.322,90523726,0,7.4,70,102,161658
1971,86,89.774,956235,0,7.9,62,91,76634
2000,84,89.348,330425040,0,7,73,108,329672
2017,92,104.212,140886353,0,6.2,71,122,37261
1979,95,99.92,30177511,0,8,83,130,71670
1992,79,86.26,183097323,0,7,57,94,154812
1982,78,82.258,27093116,0,7.1,61,90,103415
1944,83,85.441,784512,0,7.9,89,118,70074
2004,90,98.117,102034104,0,7.7,78,99,136958
2019,96,120.146,24949770,0,7.1,84,102,113803
1989,93,96.224,982614,0,7.2,72,103,100966
1967,98,103.7,7418526,0,7.8,67,155,22408
1984,83,86.665,316300000,0,7.3,66,105,180171
1999,80,84.117,12179708,0,7.7,68,89,260935
1994,96,99.335,242895809,0,7.1,81,117,150518
1967,87,93.543,104466833,0,8,83,106,269391
1986,81,86.959,5678467,0,7.8,61,103,348200
1998,83,87.046,369884651,0,7.1,69,119,307173
2006,90,99.753,7418556,0,7.3,89,84,400671
1995,75,76.158,27936778,0,7.2,54,91,110949
2007,87,96.295,169955142,0,7.6,76,113,562995
2007,91,100.046,80976736,0,7.8,81,121,496028
2009,79,88.399,465487583,0,7.7,73,100,767307
2003,85,91.239,222344688,0,7,64,97,261075
1988,96,99.551,63493000,0,7.5,80,108,140828
2004,66,74.247,89476265,0,7.1,63,94,349853
1984,97,102.479,295596327,0,7.8,71,105,404550
1997,74,76.799,7418596,0,7,51,89,236296
1968,97,100.804,44527234,0,7.9,50,30,6245
1968,90,98.082,160755,0,7.5,96,88,55484
1994,90,92.356,3894240,0,7.7,70,92,219811
2014,96,103.657,8257983,0,8.6,80,30,65303
1972,89,92.336,57142740,0,7.6,74,94,23730
1941,100,103.945,852744,5,7.9,74,90,26076
1980,73,77.003,39849764,0,7.2,48,98,115872
1940,93,97.831,48835,0,8.4,74,125,220114
1987,90,94.509,22847660,0,7.3,69,94,137092
1995,81,89.102,57956568,0,6.9,68,97,208750
1977,97,104.913,38251425,0,8,92,93,262656
1940,99,110.802,7418524,0,7.8,9,92,57917
1983,88,89.013,90400000,0,7.5,78,116,149327
2011,90,101.285,289632023,0,6.8,75,125,287729
1974,94,100.958,86300489,0,8,80,106,155685
2004,92,99.891,29832586,0,7.9,76,99,546339
1980,73,81.055,57245093,0,7.9,60,133,195834
1988,73,75.49,288800000,0,7.1,47,117,204785
1979,95,100.491,20522496,0,8,77,94,392874
1979,83,86.144,73691419,0,7.1,61,94,57511
1926,92,96.451,1263082,0,8.2,74,67,89903
1934,98,104.603,67898,0,7.9,86,91,29253
1984,95,99.701,887647,0,7.9,92,82,138019
1978,90,95.073,141600000,0,7.4,79,109,119507
1974,89,93.934,119500000,0,7.7,73,93,136668
1938,94,103.306,6757645,0,7.8,91,102,60831
1936,98,117.153,227291,0,8.5,96,87,237256
1960,94,105.693,24600000,0,8.3,94,125,178190
1993,97,103.177,71112677,0,8.1,72,101,614695
1987,97,103.019,31046322,5,8,77,98,420883
1998,83,88.625,46189568,0,8.1,71,117,790544
1934,99,118.334,2500000,0,8.1,87,105,102251
1959,94,100.371,95697808,0,8.2,98,121,262208
1975,97,103.951,5028948,0,8.2,91,91,531498
1980,97,103.122,83453539,0,7.7,78,88,233303
1931,97,103.394,60758,0,8.5,99,87,181567
1921,92,94.031,139877913,0,6.3,43,105,54557
1933,99,108.482,550517357,3,7.2,81,187,416401
1938,100,108.699,6757856,5,7.9,97,102,50623
1939,98,114.626,34949482,5,8.1,92,102,389992
1939,92,93.829,6565456,5,7.2,85,117,11901
1948,100,106.384,976645,3,8.2,98,126,123110
1951,96,101.654,10751747,5,7.7,91,105,77860
1954,90,91.297,28200000,3,7.2,83,127,33404
1956,83,83.654,10412401,3,7.3,84,116,19869
1958,97,99.658,676897,5,8.1,89,126,38512
1959,83,83.26,243180937,4,5.8,57,93,121404
1962,94,105.563,69995047,3,8.3,100,218,288004
1963,94,98.848,11972798,3,8.2,86,172,240720
1975,97,98.159,9764664,5,7.8,91,129,48433
1984,84,88.961,333080271,0,7.5,57,118,478035
1984,85,88.751,115078260,0,6.9,63,106,92230
1985,76,79.633,64140041,0,7.7,62,114,265157
1985,54,56.179,10618813,1,6.7,42,113,27036
1986,84,85.38,18564613,0,6.9,64,90,47737
1986,75,78.415,13047837,5,7.3,50,101,134208
1989,88,93.997,474171806,5,8.2,65,127,738233
1989,77,79.235,222700000,4,6.4,63,93,152554
1991,29,33.563,300854823,0,6.8,52,142,250202
1991,65,65.712,34729091,5,6.7,62,107,20838
1991,51,53.708,390500000,3,6.9,51,143,191022
1992,93,96.192,75505856,3,7.7,76,112,165915
1995,52,54.554,262758310,0,7,39,104,336751
1998,83,85.556,233700000,0,6.8,63,136,181547
1999,61,65.067,416385488,1,5.4,34,110,184024
2001,91,100.767,655454,3,8.8,92,178,1798694
2001,20,26.426,273330185,2,5.7,33,100,207645
2002,73,77.645,75389090,3,7.7,61,131,136525
2003,80,87.248,8787,5,8,63,143,1083266
2003,85,92.206,89545,3,7.4,81,138,217728
2003,75,83.248,123954323,3,8,58,125,435841
2004,46,52.238,331323410,2,6.9,39,131,325885
2007,77,84.798,137022245,5,7.6,66,127,269324
2008,52,56.039,101857425,0,6,55,96,35157
2008,54,58.123,17831558,5,6.4,58,90,65440
2010,51,61.442,1025491110,0,7.4,68,75,139014
2012,86,97.374,619310368,3,7.9,79,127,617024
2016,94,115.396,953554418,0,7.6,65,78,178718
2017,75,105.477,561072059,4,6.6,62,118,310648
2017,76,94.191,961613199,5,6.9,58,119,365320
2016,86,103.994,17121823,3,6.6,78,141,89168
2018,42,63.357,133214549,4,4.2,53,109,44507
2019,85,93.322,120597108,0,6.1,63,102,30166
2019,90,100.703,28296983,5,6.1,66,120,16597
2000,64,68.273,5655454,0,6.1,52,98,95158
2008,63,68.17,567865,0,4.8,57,112,61998
2001,64,67.684,789876,2,6.1,53,95,21201
1999,70,71.963,60413950,0,7.3,70,97,329727
2007,70,74.267,43632609,3,7.6,64,123,77698
2015,73,76.545,43528634,0,6.4,56,101,92825
2003,73,78.768,10051516,3,7.1,70,81,90579
1986,73,78.082,40476156,0,6.7,56,97,80277
1978,76,82.642,387472317,0,7.2,70,110,263795
1987,75,76.15,18553948,3,7,55,95,31003
1999,78,81.167,10619770,3,7.2,76,97,152819
1996,79,83.741,173046663,1,6.4,60,114,88482
2005,80,84.899,4243996,3,7.2,72,110,105372
1979,81,82.655,858525,0,6.6,70,93,10045
2015,81,89.757,9266180,0,7.7,74,105,130135
2004,82,87.96,61950770,3,8.7,765,44,64481
2000,86,88.761,27709625,3,7.2,70,124,21179
1980,81,83.239,80227619,0,5,39,107,16458
1980,81,83.239,22482952,0,7.1,67,102,9427
1984,81,83.715,23686027,0,7,61,93,114206
1989,83,87.54,239500000,0,8.1,79,128,472085
2011,85,90.947,3483795,0,5.7,654,83,387
2010,85,91.579,76200721,0,7,72,92,383994
2012,85,93.097,123681790,3,7,69,84,249301
2012,85,92.363,33069303,3,8,67,103,498287
1986,86,88.149,41382841,0,6.4,75,103,37293
2001,86,90.409,7510877,3,8,88,113,784024
1987,88,87.833,4600000,3,6.9,73,99,17922
2015,88,94.377,18190831,0,7.2,72,103,84333
1985,89,93.813,45905191,0,7.8,66,97,386142
1998,89,94.321,19080435,0,7.6,86,93,183029
2007,92,100.892,202822861,0,6.7,81,117,128445
2013,91,98.149,6916951,0,7.1,82,95,151501
1999,92,96.77,17202854,0,7.3,83,103,96190
1983,92,94.907,63541777,0,6.8,75,99,88145
1955,93,97.788,7485566,3,7.7,89,111,89449
2017,92,121.956,878346440,4,7.4,73,133,628193
1976,93,98.426,82409520,3,5.8,53,100,139183
2001,93,98.38,8761608,0,7.3,88,111,119954
2007,94,102.743,231450102,0,7.5,81,96,514644
2016,94,107.817,19096003,0,7.3,77,104,122167
1973,96,100.523,140000000,0,7.4,97,110,88483
1985,96,102.629,385510205,0,8.5,87,116,1160512
2017,99,128.959,78944998,0,7.4,93,94,278788
1971,100,106.169,20506260,3,8,93,118,47603
2015,9,10.253,1548909,1,7,78,99,91890
1998,9,9.065,54545545,1,4.4,19,93,29211
2020,11,13.325,18976477,1,4.7,29,86,16246
2006,9,9.786,18828036,1,5,17,84,27128
2008,9,11.109,47782426,1,5.2,37,85,34059
2007,9,10.879,9459740,1,4.6,24,96,23111
2000,9,11.646,38574362,1,4.3,16,97,17429
2006,9,11.497,67215435,1,5,27,87,45806
2003,9,13.507,47289758,1,4.9,23,86,31687
1989,12,11.58,55454578,1,4.5,14,100,37635
2003,8,9.522,65645454,3,6.7,,60,27314
2018,8,11.199,51945949,1,3.2,30,93,33410
2000,8,9.903,31320293,1,4.8,16,97,10918
2017,8,15.234,82917283,3,4.5,25,102,40304
2007,8,13.664,62226214,1,5.6,36,99,43167
2007,8,14.107,84146832,3,5.9,29,96,78186
1997,7,7.117,26570463,0,5.1,31,98,24906
2001,7,8.567,6755271,1,5.2,35,90,8733
1998,7,9.465,40020622,1,4.7,21,100,73334
2008,7,9.155,57193655,1,5.3,45,92,17844
2011,6,8.005,41642166,3,6,35,92,66475
2014,6,8.267,103300632,2,4.5,38,89,52269
2012,5,8.451,101759490,1,4.2,18,83,35918
2019,4,3.787,943159,1,4.4,31,84,4266
2010,4,3.299,708753,1,6,28,112,34468
2001,4,5.154,4288246,1,3.8,20,84,8994
2002,4,4.531,34409206,1,5.4,15,88,19607
2005,4,6.377,37048526,1,6.8,55,89,72435
2017,4,8.263,61308153,3,5.2,27,109,46509
2004,4,9.395,16873925,1,4.8,24,102,25646
2016,3,3.39,10904495,1,4.4,27,92,15943
2003,3,4.563,13860078,1,2.1,15,90,37213
2012,3,5.032,10637281,1,4.1,18,82,19871
2000,3,5.761,40435694,1,5,17,107,14630
2008,2,2.931,15318257,1,3.9,28,85,9767
2005,1,5.934,10588079,1,2.4,9,96,45471
2009,0,0.078,45454545,3,7.4,65,30,24067
2016,0,0.775,3503761,1,3.9,31,91,9846
2016,0,0.98,30351664,1,5.6,56,93,77511
2008,0,2.815,44513466,1,4,24,87,32216
1986,59,59.008,38500726,0,6.5,49,107,12914
2002,41,42.593,5345869,3,7.4,33,107,325299
2002,94,102.661,69671205,3,7.9,85,120,180102
1989,37,40.012,30050028,2,6.6,36,114,71428
2010,87,93.759,165720921,2,6.8,69,98,195359
1971,86,88.949,107190108,0,6.4,40,111,52203
2017,85,90.985,87945788,2,6.6,64,124,14196
1986,70,72.928,12900000,4,7.2,65,60,15775
1990,69,72.279,239813888,2,7.1,67,124,357081
2005,53,56.399,829239,4,6.5,75,40,34406
2017,93,99.774,15535771,3,7.9,37,44,118804
1992,91,96.211,2041928,2,6.8,73,81,66748
1971,97,98.39,894596,2,7.5,56,200,6267
1986,57,62.842,357469522,3,6.9,50,110,330744
1997,55,57.658,224117573,2,6.9,52,115,294600
2012,67,72.409,311979256,2,6.6,51,103,304240
2005,60,68.277,445455,0,6.5,55,120,483782
1998,60,63.438,245300000,0,7,60,98,261427
2014,60,67.731,192903624,3,5,54545454,43,11786
2016,90,118.224,1151918521,4,7.8,75,147,754008
1997,78,80.164,315268353,3,6.5,61,124,193112
1988,46,46.393,11806119,3,6.8,29,92,83888
1998,57,62.5,131237688,1,7.1,47,120,267299
1995,42,45.945,141247413,0,6.8,41,119,259833
1987,66,67.91,38122000,4,6.6,45,101,151028
1985,70,70.817,20345361,2,6,64,101,8001
2007,67,72.957,26796824,0,6.6,49,86,149687
2006,61,64.692,43924923,2,6.9,57,88,246873
2010,72,79.675,46370970,2,6.6,60,105,196499
2011,93,103.379,81357930,3,7.8,78,100,618214
1989,72,78.034,411348924,0,7.5,5677,25,22004
1992,79,80.827,156563139,2,6.5,58,103,85662
1996,67,70.529,817400878,5,7,59,145,563005
1968,98,101.562,42300945,2,7.4,81,114,67986
2008,71,79.843,342416460,3,7.6,76,60,5819
1998,69,71.255,70692101,2,7.2,67,122,181993
1988,85,88.306,13000774,1,7.2,55,94,126296
1993,67,71.229,255000000,5,6.5,60,113,128308
1979,87,90.637,22490943,2,7.6,65,93,101233
1997,66,69.799,121100000,4,7.3,51,129,289366
1991,69,72.735,126704591,2,7.2,58,122,177599
1996,68,68.48,33447612,3,6.8,44,121,79093
2014,92,95.545,2107051,2,6.7,76,100,99145
2008,59,65.409,226941585,3,6.5,76,41,10701
2006,61,70.688,454161935,3,7.6,52,117,802949
1994,69,71.906,365300000,0,7.3,63,141,253697
1993,62,61.802,159055768,4,6.7,34,115,172680
2015,51,60.174,17187434,4,6.7,51,96,94053
1985,93,92.135,543,0,7.5,78,100,35498
2001,73,76.856,5432,3,7,57,142,66216
2014,75,85.097,404561724,0,7.7,60,129,652323
1997,70,73.729,263893838,4,7.6,52,126,463853
2017,79,106.387,98345423,2,6.7,63,115,189851
1995,80,80.316,36238752,0,6.7,61,87,41961
2004,80,84.67,54,4,7.1,70,84,69760
2003,85,89.258,4567,2,7.1,69,105,74221
2004,86,95.903,217602967,3,7.5,71,120,390124
2000,88,88.058,6546,3,7.6,81,114,180707
2010,95,100.007,9,5,7.5,84,141,65066
1986,93,92.52,876,2,7.4,78,95,22736
2008,94,105.234,585171547,4,7.9,79,126,1027013
2018,91,91.145,543,2,6.9,69,121,25557
2017,94,126.287,614202315,3,8.1,77,137,729509
1964,99,103.828,124900000,2,7.7,87,110,187176
1976,95,98.805,543,1,7.3,89,91,49472
2017,93,129.061,818058221,4,7.4,76,141,637712
2014,90,102.765,714401889,4,7.8,70,136,816491
2003,81,87.284,6226386,3,8.4,77,101,561949
1971,97,105.251,41159423,3,7.7,94,104,120723
2015,82,92.738,1516881526,2,7.1,67,137,383825
1990,89,90.856,654,3,7.4,654,60,9830
1992,96,98.779,16270600,0,6.9,654,91,21258
1971,88,91.759,28153434,2,7.7,87,102,153775
2014,91,104.772,367028980,4,7.9,71,113,656178
1993,96,102.607,353715317,3,7.8,87,130,288717
2018,96,129.316,1336494321,4,7.3,88,134,721672
2010,87,101.215,728582465,4,8.8,74,148,2269649
1995,76,81.564,209045244,3,8.4,68,178,1016911
2002,90,97.988,358824714,4,7.7,80,145,540079
2019,94,128.391,2797800564,3,8.4,78,181,1051097
2012,79,86.265,41467606,4,7.1,60,95,269960
2002,84,89.619,214357371,2,7.9,68,119,538376
2008,86,85.33,22114423,3,8,59,106,221414
1997,92,96.14,241200000,4,7.3,82,138,370301
1985,85,87.178,17307019,3,7.3,81,116,33190
2008,94,108.295,998615789,3,9,84,152,2556835
2011,77,85.281,630163454,2,7.3,66,130,375390
1987,80,83.824,120192350,0,7.8,654,44,37688
1996,68,70.818,336069511,2,7.4,58,136,333073
1987,90,95.419,242981799,4,7.6,67,102,252581
2017,89,109.323,54,2,7.4,75,122,414765
2006,94,105.806,594420283,0,5,48,131,29875
2017,92,122.963,227250102,3,7.6,86,113,512320
2014,82,88.389,234,2,7.9,71,150,121696
1973,95,98.841,21485066,3,7.6,83,102,103285
1985,69,70.179,35078864,2,6.7,51,90,158053
1982,87,87.117,125212904,2,7.7,61,93,246052
1984,100,104.615,78019031,4,8.1,84,107,842030
2000,78,84.793,456435588,3,8.5,67,155,1453863
2003,85,92.962,98,3,8.2,69,111,1083984
1994,73,76.807,6547854,2,7.4,7828,108,15389
1994,94,98.334,283200000,2,7.3,78,116,356055
2014,86,95.498,76010510,2,7.4,68,101,606041
2000,97,102.82,213514672,5,7.9,94,120,265710
1987,80,82.798,98267558,4,7.8,45,107,399972
2007,92,103.329,444043396,2,8,85,115,627503
1990,82,87.033,261399830,4,7.5,57,113,323899
1995,88,92.8,187433328,3,8.3,76,170,633949
2011,87,93.412,7800,2,7.6,73,101,201921
1986,97,104.618,183300764,4,8.4,84,137,699565
1999,88,93.927,465974198,4,8.7,73,136,1858656
1991,93,98.106,515390883,4,8.6,75,137,1068128
1988,94,99.857,139434346,2,8.2,72,132,857240
2015,97,114.924,367457874,4,8.1,90,120,969134
1987,71,73.376,987,1,6.6,49,96,79500
1985,76,75.174,488,1,6.7,57,116,26178
1992,76,80.042,215862692,3,7.4,57,128,212301
1987,72,75.403,14575148,1,6.9,57,94,117645
2003,71,78.239,55518641,1,5.8,63,79,53460
2007,72,77.41,57189408,3,5.4,345,42,24611
2002,71,77.093,248218486,1,7.1,57,115,342341
1979,74,76.524,2,1,6.6,72,89,36398
2002,75,79.08,855,3,7.2,64,100,83153
2002,80,80.989,58104,1,6.8,2345,105,59413
1982,76,76.206,2354,0,6.1,77,91,18771
2008,80,80.425,4294373,1,6.7,65,91,83608
1992,78,84.601,77395789,1,5.9,72,91,54606
2013,75,80.527,44115496,1,6.5,61,104,126737
2005,74,81.683,1235,4,6.2,71,93,96079
1984,79,78.641,14600000,0,6.3,59,95,20753
2007,84,84.521,223,0,6.7,9087,82,90386
1987,75,80.131,32396366,0,7.2,63,97,138644
2019,74,86.423,3090713,3,6,64,108,44750
2015,81,83.619,224743,1,5.9,58,89,19181
2016,75,85.427,148806510,1,6.3,58,81,126404
2019,79,84.204,589,1,7,73,94,208101
1979,84,85.467,456,1,6.8,63,92,29508
1971,82,82.592,5432,1,6.6,63,112,11464
1995,83,83.009,1125910,1,6.7,6987,95,5729
2011,79,84.467,26887177,1,6.5,66,95,97259
1983,79,82.207,2120439,1,7.2,60,87,91005
2009,80,84.464,13468951,3,7.1,73,134,46126
1999,82,84.963,32135678,3,7.1,69,115,79767
1988,83,85.407,9134733,3,7.2,86,116,46086
1997,81,85.646,172363301,1,6.3,63,120,179037
2007,79,86.704,131263370,1,6.8,64,104,268913
2003,85,86.943,91055,3,7.1,65,114,61401
2016,83,89.604,81831866,3,6.2,65,99,62550
2008,84,87.18,7899,1,6.5,54,93,31857
2016,78,91.021,118763442,3,6.3,59,86,130329
2000,81,85.962,8279017,1,6.9,71,92,41792
2009,85,88.582,102812,1,6.3,73,95,45422
2001,84,89.563,207765056,1,7.6,74,104,359174
1990,87,88.713,16667084,0,7.1,65,96,135022
2014,90,90.42,87654,1,6.3,74,77,52497
1962,86,86.587,5432,1,7.1,344,78,24115
2007,83,91.835,194183034,1,6.3,68,86,235141
2016,80,95.412,8765,1,7.3,65,134,260837
2000,89,90.441,572781,3,6.8,70,108,46497
2014,85,90.782,6543,1,6.7,81,99,51014
1973,87,89.036,106030660,0,6,58,118,66300
2017,88,91.941,313230,3,6.3,65,105,42799
2006,87,91.892,12930343,0,6.5,69,95,81129
1959,89,89.884,65090541,1,5.6,28,93,56356
1982,87,91.401,121706019,1,7.3,79,114,158419
1982,83,88.168,27573078,1,8.2,57,109,409454
1992,89,91.184,242623,0,7.5,54,104,96366
2018,88,92.559,350122,3,6.7,63,105,34150
1976,88,89.605,7654,2,7.6,71,126,43387
2005,86,94.091,57051053,1,7.2,71,99,218919
2016,89,93.219,188756,0,6.5,67,89,37621
1981,89,92.582,61968388,0,7.5,55,97,103957
2019,78,99.032,71856239,3,7.3,59,152,183055
1976,86,90.463,119295584,3,5.5,43,110,58971
2016,90,93.176,234,1,6.4,76,130,5293
2019,86,92.119,120405,0,6,64,96,17656
2019,84,95.694,91799500,1,6.1,60,87,82157
1973,84,91.134,428214478,3,7.9,7654,45,28155
2015,89,95.511,354836,3,6.6,74,100,105476
2016,88,95.03,245909,1,6.5,73,108,11829
2017,91,92.533,6543,3,6.2,70,102,61744
1971,88,90.831,2345,0,7.1,234,94,14975
1978,91,90.473,234,0,7.4,234,30,9240
1977,91,90.482,22144631,0,7.3,2345,88,26511
1986,89,90.02,2345,3,7,80,83,35665
2007,87,94.431,678,3,7.4,74,105,154170
1983,90,92.807,20766000,3,7.2,69,103,68709
2015,91,93.534,475846,3,7.1,72,132,98252
1960,86,90.097,6789,1,6.9,75,79,13289
1999,86,92.378,248300000,1,6.5,81,81,253006
2015,92,95.256,654,1,6.4,72,79,19080
2017,91,96.425,5432,3,6.5,77,103,105178
2016,91,95.987,94100,1,5.9,71,88,7775
2015,92,94.985,104039,1,6.1,80,94,5693
1958,90,94.597,765,1,7.3,67,82,24593
1985,92,94.452,40520649,0,6.4,64,106,105074
1973,88,88.707,37721827,1,7.5,87,88,79331
2015,94,95.458,7654,1,5.6,75,98,4869
1974,89,95.276,543,1,7.4,78,83,156733
2013,86,94.342,317744402,1,7.5,68,112,491264
1990,90,95.021,61166004,3,7.8,75,107,203296
1960,93,94.486,8729915,1,7.3,77,77,16835
2019,86,100.926,1067647,1,6.1,70,111,45518
2010,88,97.645,28270399,3,7.1,79,116,120457
2018,79,102.087,255416089,1,7.7,87,91,265873
2011,90,97.326,6459183,0,6.6,75,88,106007
1977,90,96.175,7097971,1,7.3,87,89,113686
2001,92,96.455,755249,3,7.4,78,106,65403
2014,96,96.157,236863,1,6.7,76,107,34205
2015,95,96.016,6444,1,5.7,65,84,18611
1925,90,98.652,153770052,3,7.2,40,143,121683
1941,90,95.069,6543,1,7.2,72,70,26645
1978,94,94.254,103452875,1,7.3,59,101,251879
1931,90,94.934,543,1,7.6,6544,98,13718
2017,92,98.579,957694,3,6.5,80,111,41210
2016,88,103.728,7878,1,7.1,71,88,265371
1985,94,97.631,2023000,0,7.2,73,84,63021
2009,89,100.349,102236596,0,7.6,73,88,561077
2017,87,106.717,19720203,3,6.2,78,91,91945
1980,85,92.869,45604239,3,8.4,66,146,985057
1931,94,100.236,21000000,3,6.8,8765,270,46642
1975,93,94.955,432,1,7.5,89,127,37224
1986,93,98.741,37585259,3,7.6,79,96,176505
1984,95,97.751,117729621,3,5.2,35,95,99220
2006,93,98.709,64477051,3,7.1,85,120,118929
2016,94,101.33,6554,1,7.6,73,118,208896
1933,88,92.855,98765,1,7.4,23,70,9371
1977,93,98.947,7023292,3,6.7,64,152,73942
2016,95,100.716,281063,0,6.2,82,120,15750
2019,97,99.102,98765,1,6,65,83,5384
1978,92,98.358,24946533,1,7.4,75,115,59059
1961,95,99.508,3456,3,7,77,117,5788
2009,98,99.789,34567,1,6.6,73,84,40532
2016,93,107.062,3151960,3,7,81,99,74404
1981,95,99.676,29400000,1,7.4,71,85,203727
1979,95,99.918,765,1,7.9,34,94,95371
2017,100,101.088,3456,3,6.4,75,78,25075
2015,90,105.797,3807503,3,7,79,95,119794
2019,83,108.403,46830824,3,7.1,72,148,286823
1953,93,97.405,70064800,1,5.4,41,113,122914
2009,92,103.824,6789,1,6.6,83,99,199727
2014,96,101.183,628020,1,6.9,81,101,34865
2020,100,108.024,9876,3,6.5,72,93,39018
2019,88,107.977,56797392,0,6.8,64,95,141006
2017,97,103.609,2345,1,6.9,76,83,7302
2018,90,105.248,1488186,0,7.1,567,15,1345
2017,86,116.16,701083042,3,6.8,85,192,124922
1973,94,100.39,234567,3,7.2,95,110,55001
1942,91,98.954,21000000,1,6.2,61,118,21046
1963,95,99.667,11436618,3,7.7,90,119,185267
2016,99,102.804,753,3,7.4,81,156,65137
1945,93,94.074,41852,1,7.6,96,77,12504
2016,99,104.468,151923,1,6.8,83,84,27159
2020,100,106.129,436536,1,6.5,73,57,27576
2016,90,110.509,108286422,3,7.2,76,103,316590
1960,96,101.844,83957,1,7.6,52,101,34825
2015,90,111.669,40438974,3,6.9,83,92,244269
2011,92,104.134,70683134,1,7,72,95,407266
1965,95,97.136,38090,1,7.6,91,105,52621
1968,96,104.607,33396740,3,8,96,137,210823
1991,95,106.325,275726716,3,8.6,85,118,1385089
1933,94,101.74,138996774,3,7.1,72,124,216444
1968,96,98.484,30087064,1,7.8,89,96,125914
2014,96,106.229,23236296,1,6.8,83,100,233349
2008,98,105.217,34567,3,7.9,82,114,214634
2018,89,112.892,81263489,3,7.3,87,127,292399
1932,97,97.756,4567,1,7.4,969685,75,17876
2019,90,113.46,18317198,3,7.4,83,109,201046
1931,100,106.381,112006296,3,7.8,91,70,71102
2014,98,107.13,7482387,1,6.8,86,94,217050
1975,98,105.781,470700000,2,8.1,87,124,583078
2018,96,119.152,334876670,3,7.5,82,90,506730
1955,95,102.627,5678,3,8,99,92,88122
1979,98,108.727,184694992,1,8.5,89,117,853743
2019,93,127.653,256091919,1,6.8,81,116,275104
1919,99,115.109,4567,1,8,78,67,62602
2017,98,129.043,252297405,1,7.7,85,104,561066
1960,96,108.19,37226218,1,8.5,97,109,653180
2013,60,67.693,12407491,3,5.6,66,90,87382
2001,64,69.371,71523271,0,6.5,60,123,67988
1968,65,66.907,4567,0,6.5,567,105,6560
2013,65,71.815,132493015,0,6.7,55,109,209257
1996,66,68.325,457697994,3,7.9,4567,50,9533
2019,66,74.024,702376,2,6.1,57,99,4805
2001,66,70.867,28906817,3,6.5,66,109,36425
2021,66,79.724,103966489,2,7.1,57,119,161310
2017,67,90.214,1236703796,2,6.6,56,136,226908
2011,68,75.099,150422946,0,6.2,59,104,141704
2009,68,79.346,212282709,3,7,70,140,297680
2007,70,77.947,311744465,2,6.9,62,122,340925
1996,69,68.373,36049108,2,6.8,54,123,16172
1999,70,73.118,124304264,3,6.9,66,102,24812
2019,70,78.126,567890,2,6.4,61,125,124566
2006,71,79.851,399387745,2,6.9,66,126,349461
1978,73,73.572,8765,4,3.6,345,97,879
2001,73,77.867,113542091,3,6.8,71,124,127095
2003,73,78.65,176262839,0,7.2,70,99,45778
1978,74,74.272,5678,2,6.9,68,110,17764
2000,74,78.09,83593107,0,8.3,55,102,836691
1998,74,77.012,28356188,0,8.2,66,107,571080
2018,76,83.792,830581,3,6.9,60,159,45050
1970,78,79.642,5200000,0,7.6,50,144,49026
1992,79,83.165,51433000,0,7.1,65,126,58386
2008,80,85.017,66143005,3,7.2,69,111,180299
2001,83,89.342,450728529,0,6.5,57,127,23020
2015,83,96.39,518858449,4,7.3,64,117,641778
2016,84,114.476,1055135598,4,7.8,65,133,605963
1996,85,88.747,407488,0,6.9,66,91,75946
1972,86,85.013,36734619,2,7.4,55,123,31925
2006,86,95.163,185798265,3,7.6,76,129,366240
1974,87,89.513,25000000,0,7,62,115,25072
1997,87,92.07,74727492,3,7.5,64,154,341783
2000,87,90.873,10158355,3,7.3,79,89,60446
2007,87,93.405,5555018,3,7,73,99,58635
1967,89,94.69,50700000,3,7.7,86,111,111328
1995,88,93.013,34449356,3,8.5,77,106,1060581
2018,88,99.909,4535409,3,7,68,116,44004
1963,89,90.514,158926474,0,7.1,55,115,51889
1969,89,94.423,102310711,3,8,66,110,213230
1964,90,91.109,7000000,5,7,567,120,9672
1969,90,97.66,509424,5,7.9,97,135,83680
2020,90,103.707,1615171,0,6.4,78,104,17291
2018,91,117.427,75984700,3,6.9,84,129,95946
1955,92,97.109,3456,2,8.1,97,118,33920
1992,90,95.919,2990680,3,8.3,79,99,990420
2001,92,93.75,987654,2,7.9,80,114,52463
2021,92,99.067,345,3,6.4,76,115,32000
2010,92,100.563,152566881,3,7.5,74,125,382457
2017,92,113.046,49046121,0,7,78,118,146786
1998,93,97.588,77562568,0,7,85,123,91635
1981,94,94.932,4301338,3,7.4,78,123,30508
1955,94,99.245,8752104,2,7.4,82,106,71859
1973,94,100.178,159616327,0,8.3,83,129,257549
1999,94,98.422,107752036,0,7.1,82,114,169670
1956,96,99.193,76543,3,8.3,765,45,108996
1975,96,98.975,46665856,3,8,86,125,252504
2016,97,114.597,37566117,3,7.6,88,102,225276
1950,97,99.942,654,3,7.8,85,112,26639
1974,100,100.844,87654,2,7.6,68,104,30226
2002,62,65.646,51618420,3,5.7,61,104,31305
1982,66,67.917,125053490,3,6.8,57,99,187206
1993,64,68.61,32416586,3,7.8,55,101,89092
2005,64,69.189,76665507,3,7.3,57,136,143962
1975,69,70.566,30000000,4,3.1,14,98,28173
2005,65,73.406,50071069,0,6.2,56,104,45042
1979,72,73.157,45678,3,7.3,61,119,205439
2001,68,73.151,87683966,3,6.7,65,157,98915
2009,66,73.737,305705794,3,7.6,53,129,324097
2010,66,74.433,351774938,3,7.3,60,126,219360
1996,72,73.741,75854588,0,6.4,60,135,49830
2004,71,77.637,167791704,0,6.7,55,92,244758
2019,74,76.325,34567,3,6.2,53,90,4914
2006,72,77.647,58501127,3,8.7,789,50,114508
2007,70,78.35,145594548,0,6.3,64,93,167458
2000,73,76.787,136771683,3,7.8,48,113,211597
2006,71,78.039,567123,0,6.6,66,108,181377
1993,76,77.898,155008909,0,7,60,98,102502
1992,77,78.445,90753806,0,6.8,65,115,84959
2017,80,82.316,3243312,3,3.4,56,106,288
1993,78,81.374,22750363,3,7.5,71,114,62620
1974,79,81.852,191558505,0,6.4,48,113,176375
1998,81,81.648,22411948,3,6.9,64,136,47694
2003,78,84.659,148715342,3,7.3,72,140,72390
2006,77,83.847,156229050,3,7.1,63,102,214035
2004,81,86.594,64474705,3,7.4,68,135,53878
2009,76,84.96,124514011,3,7.3,74,134,158039
1989,83,84.732,49793054,0,7.2,62,107,68236
2011,81,85.184,7018603,0,6.8,64,92,86871
2015,80,85.092,45707924,3,7.4,60,129,38437
1979,84,85.459,19010710,0,6.9,80,119,5297
1984,83,84.974,47951979,3,7.4,61,138,48521
2005,82,86.898,18991288,3,7.8,68,127,54556
2005,80,88.275,105021488,3,8,69,144,185420
2002,84,88.08,80491516,3,8,765,43,35026
1977,83,86.1,28000000,3,7.3,61,123,37133
2014,89,88.603,67665,3,8.5,456,58,38645
1996,84,89.238,273552592,0,7.3,77,139,259927
2018,80,90.504,45285890,5,6.1,68,89,21905
2013,81,88.09,97470701,3,7.5,62,128,93616
1981,82,87.779,61910507,3,7.1,78,125,59509
2002,85,90.642,987345,0,6.7,66,112,109760
2011,84,90.875,24215385,3,8.2,71,140,463431
2016,81,94.066,45060480,0,7.3,54,106,92116
2009,85,92.214,18889972,3,6.9,68,111,66926
1989,87,91.877,64431625,3,7.5,57,107,117327
1978,89,93.372,98800000,0,6.9,72,101,21015
2020,84,98.305,26524989,3,7.3,66,133,115604
2020,89,94.658,6482891,0,6.9,68,113,4894
1986,89,92.993,52293000,3,7,77,119,82079
2003,94,97.843,15396525,5,8,82,106,35628
2006,96,97.735,736762,3,5.4,53,115,34865
2004,90,101.375,231928227,3,8.1,86,132,675372
1979,95,98.045,20000000,0,7.7,91,101,23441
2013,89,97.945,98230839,3,8.1,74,123,468608
2010,91,100.364,129262388,3,7.8,79,116,360109
2014,87,97.359,19303058,3,7,81,134,141521
2018,83,102.083,213591522,3,7.1,66,130,120979
1976,97,98.604,42349782,0,7.3,84,102,22577
1961,96,99.578,7600000,3,8,90,134,81084
1976,91,97.539,225000000,3,8.1,70,120,560026
1980,94,99.996,23380513,3,8.2,89,129,346117
1988,97,101.759,50888729,0,7,73,108,53717
2011,94,105.239,111300835,3,7.6,87,133,411015
2018,97,106.204,28611090,5,8.1,83,100,65386
2008,98,107.927,46634275,3,7.9,80,109,302404
2017,90,118.915,53797409,0,7.5,77,119,208875
2015,95,107.296,173567581,3,7.6,82,133,267292
2019,92,114.621,8784549,3,8.1,81,152,366806
2006,62,65.275,2580348,3,8.1,45,60,101827
2009,66,67.319,22024849,1,6.1,48,104,73224
1982,66,67.632,79114085,5,6.9,43,129,146804
2008,63,68.17,129075270,5,6.5,57,104,105239
1985,68,69.271,18400000,0,6.9,64,121,46828
2009,64,71.849,64352607,0,6.8,65,123,148749
1981,65,67.394,493214888,5,5.8,39,106,280392
2020,68,71.387,785459,0,6.1,49,110,12202
2008,66,74.136,417341288,5,6.5,62,150,207495
1999,70,74.171,207068340,3,7.3,45,45,60402
2012,64,77.921,1014938545,5,7.8,58,169,803888
1987,66,71.982,63749955,0,6.5,67,118,68882
2005,74,79.598,128745578,0,6.6,59,97,75347
2010,75,79.439,548545,0,6.1,52,109,32290
2016,64,80.617,5645454,3,6.7,57,127,168814
2014,71,80.786,212550576,0,5.9,69,125,139818
2003,77,81.095,95255485,5,6.8,64,113,72132
1995,79,81.404,545454,3,7.5,73,112,68130
1982,79,81.493,40577001,5,7.1,66,93,65993
2013,74,83.64,959358436,5,7.8,66,161,642990
2009,73,83.738,99123656,3,6.7,71,101,104486
1981,74,81.145,34200000,3,7.3,56,140,61280
2005,76,84.517,2356255,5,6.9,75,143,390642
2010,85,84.183,56456598,5,6.2,85,107,21128
1981,82,84.115,6000000,5,6.6,68,109,17847
1973,83,84.549,68535,3,7.8,76,114,42037
2008,81,86.017,162839667,3,6.5,62,96,94751
2019,71,86.276,798332900,5,6.7,58,123,238537
2015,83,89.238,45678,3,6.4,72,134,28352
2010,77,88.683,34567,5,7.7,65,146,531375
2007,77,88.782,45678,5,7.5,71,138,564062
2001,81,89.168,987654,5,7.6,65,152,752483
2002,82,90.395,875454054,5,7.4,63,161,615121
1996,91,90.559,33098222,0,6.9,72,102,146506
2005,83,92.047,475825484,0,6.6,72,115,466247
2007,85,92.057,137984788,3,7.2,74,96,154075
1963,89,92.263,345678,5,5.9,567,180,5235
1981,90,92.489,37400000,0,6.9,79,110,62947
2016,74,92.963,199646680,5,6.3,66,117,84761
2015,84,93.817,542351353,0,4.2,41,113,39879
1990,90,93.95,53980220,3,7.9,74,105,477701
2009,84,95.304,929411069,5,7.6,78,153,528070
1990,93,95.629,26576182,0,5.3,47,106,38342
2016,74,95.692,811724385,5,7.2,66,132,460142
1989,92,95.851,8040008,0,7.1,69,126,53211
2005,88,98.349,886746240,5,7.7,81,157,607665
2017,71,99.752,1273109220,3,7,45,60,6932
1957,94,99.493,8454878,3,8.1,88,96,181793
2004,90,100.966,789592708,5,7.9,82,142,614368
1924,97,100.021,55465,5,7.4,456,106,13159
2007,93,100.648,340384141,0,7.1,75,107,195095
1988,97,101.796,741854,0,7.7,83,104,196777
1964,96,100.523,102296454,0,7.8,88,139,169325
2018,80,102.575,348901032,0,6.7,66,130,86584
2016,88,102.933,655454,0,6.7,71,102,57846
2003,93,103.518,74854,3,9,94,201,1777416
2002,95,104.067,919148764,3,8.8,87,179,1605287
2021,89,106.626,18869960,3,6.6,85,130,91263
2006,95,104.886,78554,3,8.2,98,118,656228
2016,86,106.52,46414530,3,7.4,76,108,87212
2011,96,110.109,85294,5,8.1,85,130,846020
1999,100,107.529,511358276,0,7.9,88,92,566163
1995,100,106.244,365270951,0,8.3,95,81,963559
2003,99,109.307,936094852,0,8.2,90,100,1017192
2010,99,106.567,494870992,0,8.1,75,98,719993
2015,98,114.361,852830107,0,8.2,94,95,687783
2010,98,110.879,1068879522,0,8.3,92,103,813705
2016,98,116.279,1004629935,0,8,78,108,481771
2009,98,110.111,731463377,0,8.3,88,96,1013900
2019,97,125.236,1073080329,0,7.7,84,100,238213
2018,97,121.542,784541,0,8.4,87,117,489935
2017,97,124.503,797666425,5,8.4,81,105,477034
2004,97,107.409,631441092,5,8,90,115,710180
2007,96,106.533,626549695,0,8.1,96,111,703349
2001,96,103.076,560483719,0,8.1,79,92,883190
2020,95,120.329,118708427,0,8,83,100,309124
2016,95,113.46,634965560,0,7.6,81,107,320881
2016,94,116.216,1025006125,0,7.3,77,97,267472
2018,93,117.282,1242805359,0,7.6,80,118,285376
2021,93,108.989,116682905,0,7.3,75,107,142400
2015,93,97.76,102028919,4,6.4,76,88,3627
2011,92,98.691,148168160,5,7.1,69,97,58345
1998,92,96.592,152457863,0,6.6,72,83,153642
1998,92,96.41,545455,0,7.2,77,95,286598
2014,91,99.013,614586270,0,7.8,77,102,327754
2019,90,106.12,584785,0,7.4,71,104,123227
2013,90,100.594,1265596785,0,7.4,75,102,611199
2014,90,98.93,649657407,0,7.8,74,102,448005
2004,89,97.857,935253978,0,7.3,75,93,452046
2010,89,98.196,584899819,0,7.7,71,100,440334
2008,89,96.902,328015029,0,6.8,67,96,206156
2020,88,112.937,133317030,0,7.4,61,102,141465
2018,88,103.808,987854,4,7,71,112,154642
2011,88,96.194,245724600,0,7.2,75,107,257950
2001,88,96.626,491812794,0,7.9,84,90,659671
2015,87,95.027,250091610,0,7,67,88,45465
2012,87,94.345,496511521,0,7.7,72,101,411797
2008,87,94.949,631910531,0,7.6,74,92,456067
2017,87,96.001,126422949,0,6.2,69,89,27942
2022,87,95.002,154443666,0,6.9,64,100,12529
2011,87,86.125,545454,4,6.7,765,90,21012
2016,86,97.222,457854,0,7.1,66,95,152947
2011,86,91.054,554987477,0,6.6,65,90,156206
2014,83,87.088,97651543,0,7.2,67,95,70218
2016,82,97.319,141344255,0,6.1,66,89,190739
2019,82,91.314,188659191,0,7,61,97,37476
2010,81,88.028,543464573,0,7.6,72,95,533056
2014,81,86.664,269806430,0,6.8,59,92,68977
2013,80,87.414,743455810,0,7.3,65,104,350437
2011,80,87.374,664837547,0,7.2,67,90,276974
2007,79,84.311,545458,0,6.7,64,85,77869
2012,78,88.559,554606532,0,7.1,69,93,402019
2012,78,83.554,746921271,0,6.8,60,93,177607
2002,77,82.632,386116343,0,7.5,61,81,473085
2020,77,87.451,214902998,0,6.9,56,95,40481
2015,76,84.078,333771037,0,6.7,66,93,113179
2006,76,82.258,385000317,5,6.4,77,108,182675
2018,76,82.322,213682073,0,6.6,60,96,38817
2013,75,82.672,975216835,0,7.3,62,98,391599
2006,75,82.407,343397247,0,6.7,67,83,172223
2016,75,85.266,343242613,0,6.4,55,92,80194
2006,75,82.013,141267370,0,6.6,68,91,115019
2012,75,80.874,306900902,0,7.2,58,97,171458
2011,74,83.695,373993951,5,7.3,68,107,228541
2009,74,82.306,381687380,0,6.4,56,94,159310
2006,74,82.873,461630558,0,7.2,73,117,406085
2014,74,77.609,366942531,0,6.6,53,92,88783
2006,73,78.745,179357126,0,6.6,74,85,123649
2019,73,78.278,152491897,0,6.4,60,97,28173
2016,72,86.182,885302500,0,6.5,61,87,198232
2010,72,78.175,321887208,0,7.3,63,95,252994
2011,72,77.826,487519809,0,6.9,63,96,223100
2013,72,76.678,573068425,0,7.2,55,98,210608
2016,71,82.837,631064182,0,7.1,59,108,162380
2017,69,85.71,383541369,0,6.7,59,102,93583
2007,67,73.112,170552719,0,6.8,61,95,97557
2013,67,70.333,286896578,0,6.4,58,96,94884
2016,65,73.491,183353431,0,6.8,56,87,61407
2013,65,68.89,262794441,5,6.6,52,102,104587
2005,64,70.828,260636271,0,6.4,64,91,144120
2008,64,69.394,599680774,0,6.6,61,89,222581
2000,64,68.276,356148063,3,6.4,56,82,59579
2018,62,68.734,527848903,0,6.3,54,97,71264
2006,62,65.767,49610898,0,5.8,59,88,39243
2002,69,73.014,106515310,3,7.1,52,83,74379
2014,72,73.71,2947737,2,6.7,64,92,39016
2011,75,76.412,1217307,5,6.5,61,102,9644
2016,63,83.645,162122642,5,6.8,54,132,208251
1995,70,72.096,1078485,3,7.5,62,121,95895
1998,74,75.465,186883563,3,6.7,65,169,41107
1985,77,79.16,33200000,3,7.2,64,133,44047
2017,70,83.688,36976336,3,7.2,65,134,82770
2007,76,83.289,74185,3,7.5,68,160,178831
1990,80,82.716,244087268,0,7.4,55,118,435743
1993,74,76.374,56505065,3,7.8,50,130,144215
2018,81,84.632,115515,1,5.5,66,88,8103
2000,80,83.748,71189835,0,6.6,77,110,126107
2003,79,85.734,68613992,3,7.4,67,139,72280
2019,80,91.594,454787,3,6,75,124,11013
2014,80,86.145,8217571,3,6.6,68,122,32944
2015,74,88.39,152366784,2,7.8,68,168,578551
2010,86,90.962,1869928,2,6.5,85,104,13953
2005,85,90.189,87654,5,7.3,77,121,40416
2005,85,90.304,5313608,3,7.3,73,104,52400
1973,85,88.364,3000000,3,8.6,654,62,475083
1987,82,86.397,3369307,1,6.9,76,94,38598
2013,92,91.726,6543,2,7.4,7654,57,3798
2015,78,103.381,532938302,3,8,76,156,777969
1985,93,93.528,41410568,3,7.3,61,115,58600
1969,89,95.56,252276928,3,7.6,80,110,333706
1965,89,92.348,20666667,0,6.8,60,97,14761
2018,87,98.653,14636067,3,6.9,78,122,63639
2007,89,98.19,71171825,2,7.6,765,92,19587
2015,92,96.183,2089072,2,6.9,72,84,45249
1972,95,96.426,44693786,3,7.5,75,108,31417
1962,94,97.164,8000000,3,8.1,94,123,74934
1973,93,95.08,15700000,3,7.5,69,105,54652
2017,87,106.394,44984979,3,7.7,73,107,243252
1970,96,98.093,31559552,0,7.6,63,139,35085
2017,96,100.046,2291545,5,6.9,88,113,8418
1961,97,98.603,8200000,0,4.3,25,94,9444
2018,89,103.273,3456,0,7.3,79,133,142225
1955,97,99.041,567843,2,7.7,567,81,21529
1956,88,91.54,30194409,3,7.6,84,201,38271
1965,97,101.745,3456789,5,6.7,62,123,7971
1967,100,101.47,6000000,3,7.6,85,126,26768
1957,100,102.008,45678,5,7.3,84,83,13449
1964,98,102.121,9876543,3,7.9,65,99,213300
2007,93,106.323,164035753,5678,8.2,92,122,941537
1956,94,99.109,987654,3,7.9,94,119,87959
1992,96,105.525,159157447,3,8.2,85,130,404065
1939,100,103.896,6543,3,7.8,93,96,48218
1952,95,103.584,8000000,3,8,89,85,103139
1967,97,103.72,23456,5,8.8,90,178,742480
1957,96,106.987,33300000,3,8.2,87,161,217206
1957,96,103.433,34567,3,8.4,90,88,193372
1951,95,102.516,237370350,3,5.5,40,104,169622
1961,98,99.449,345678,0,7.3,83,79,164845
1946,98,107.682,23600000,3,8.1,93,170,63124
1956,96,99.424,3000000,4,7.5,80,98,48547
1960,93,99.591,60000000,3,8.5,4567,55,237207
1955,97,99.481,402723,3,8.3,34567,125,31482
2001,77,82.926,159691085,3,7.7,74,144,388974
1979,84,84.15,34567,3,7.5,63,142,23942
2004,78,83.809,5678,3,7.6,76,133,73527
2014,72,84.695,547326372,3,7.3,72,133,474604
2011,75,83.922,156815529,3,7.2,72,146,155757
1998,81,85.383,97709034,3,7.6,78,170,185389
2013,75,83.882,149804632,3,7.5,60,121,282733
1980,82,84.459,69847348,0,6.2,59,109,26081
1997,80,84.285,345678,0,8.6,59,116,676539
2014,76,87.512,210315681,3,7.5,64,134,472785
2008,71,82.104,329631958,3,7.8,70,166,635168
2012,73,87.166,402448265,4,7,64,124,598871
2002,74,82.277,408250578,3,6.8,59,106,357129
2004,74,83.626,101173038,3,6.4,50,100,58635
2021,77,79.273,345678,0,6.8,61,98,21055
2018,76,87.414,34567,0,6.8,67,114,26105
2019,77,80.036,188751,3,7.5,34567,240,14376
2020,78,85.103,3456,0,7.3,58,95,19719
2000,78,83.562,75763814,0,7.7,69,107,306675
2019,80,97.717,22373378,0,6.5,70,102,36532
2002,81,88.448,183354514,3,7.7,72,117,263567
2019,82,97.144,242788,3,7.2,66,119,41779
1981,85,87.765,13747988,3,7.4,86,108,51467
1996,85,87.898,100833145,3,6.6,77,116,54275
2020,85,95.259,10862200,2,7.1,65,112,55138
2020,85,107.067,345678,0,6.6,68,95,136761
1993,86,91.987,32790064,3,7.7,84,139,16590
1999,86,93.027,672806292,3,8.2,64,107,969029
2011,86,91.6,7862131,0,6.3,70,87,37850
2004,86,93.787,36028802,0,7.4,67,102,215118
2012,86,95.173,23265132,5,7.2,86,93,83094
1986,87,93.636,137978395,3,8.1,92,120,406664
2019,88,99.44,7422058,0,6.8,72,104,19640
2020,89,93.826,3117353,3,7.1,61,110,9245
2012,89,94.043,830700,3,6.4,68,90,34292
2000,89,93.734,427230516,3,7.8,73,143,575984
2012,89,100.939,273346281,3,7.3,86,150,258003
2017,89,106.718,10891281,3,6.8,84,89,116972
2009,90,102.866,212453431,4,7.9,81,112,670553
2012,91,104.052,134612435,3,7.4,95,157,293996
2018,92,106.742,45249153,3,7.5,90,89,55790
2013,92,103.31,32943247,0,7.4,93,104,151740
1973,93,96.571,30933991,0,8.1,77,102,46887
2019,93,109.656,9876543,3,6.7,84,91,37869
1963,94,98.965,13474929,0,7.9,83,113,75950
1946,94,104.18,6543,3,8.6,89,130,444841
1996,94,100.371,51203925,3,8.9,456,53,362235
2019,95,108.747,3415542,3,7.2,73,94,36200
2015,96,102.331,935900,0,7.1,86,88,31479
2021,96,104.859,765432,3,7.5,82,127,21013
2016,96,109.612,23934375,0,6.4,87,90,24730
2016,96,115.118,10727536,0,7.3,90,118,80099
2016,96,119.308,77733867,3,7.8,96,137,274046
2004,97,105.631,109726800,0,7.5,94,127,189351
2019,97,117.007,516819,3,7.7,82,120,119242
2019,98,106.56,6543,0,6.4,72,91,10231
2017,98,121.569,56868677,0,7.5,86,120,132924
1986,91,96.214,52287766,3,8.1,75,89,393352
2020,91,93.854,876543,0,6.3,68,90,18306
2019,91,93.894,263452,3,6.7,64,113,88872
1987,92,97.375,45015999,3,8.3,76,116,724229
2019,91,98.535,7654,3,7.3,72,122,224266
2021,91,100.114,7654,3,7.1,76,125,58884
2007,91,101.444,77208711,3,8.2,93,158,569777
2017,91,117.27,28717667,0,7.3,76,104,150852
2017,91,113.203,47812199,3,7.4,90,130,128812
2016,92,93.935,816452,2,6.3,70,89,12617
2018,92,93.9,748545,0,6.5,62,105,50724
2015,92,101.803,90777,3,7.7,79,137,80228
2012,92,102.814,236412453,0,7.7,81,122,698606
2020,92,113.343,2345678,3,6.5,82,154,50328
2019,92,112.693,50023780,3,7.4,91,135,266492
2017,92,128.499,518058826,3,7.8,94,106,632364
2016,93,95.453,13587246,1,6.6,67,82,126685
2018,93,98.629,741852,3,5.9,71,94,31129
2018,93,98.891,852963,0,7.2,83,123,19397
2019,93,100.558,74852,0,6.1,71,78,14521
1998,93,100.748,485035085,3,8.6,91,169,1346544
2011,93,101.194,162275213,0,7.7,81,94,416343
2011,93,101.604,180047784,3,7.5,83,126,319496
2012,93,104.254,170466405,3,7.4,84,119,567012
2018,93,112.213,18285560,0,6.9,80,112,75961
1988,94,97.381,81613606,0,7.5,78,126,84883
2019,94,99.616,322598,0,6.3,70,88,3665
2021,94,105.15,618109,3,6.7,86,121,56817
2013,94,106.614,48043998,3,8,91,126,592651
2019,94,119.134,320349,3,7.9,94,137,294464
2019,95,97.83,745454,0,8.1,65,96,141905
2014,95,106.231,50334418,3,7.8,76,117,524105
2019,95,124.303,910234,3,7.8,94,209,372025
2018,96,98.484,234567,0,7.1,64,99,103181
1976,96,104.379,28447834,3,8.3,94,114,796811
2010,96,108.688,224922135,3,7.8,95,120,683050
2012,96,111.607,227140757,3,7.7,86,120,605829
2018,96,120.322,1109544,3,7.7,96,135,154711
2016,97,104.993,2671506,3,7,56,42,12204
2017,97,112.22,53559,3,7.4,85,134,48366
2016,97,109.134,23900842,0,7.8,81,101,127173
2019,97,111.482,456789,0,7.2,76,118,59960
2020,97,119.14,5678,3,6.9,87,94,50476
2013,100,102.161,8758343,0,7.2,73,151,62274
1982,42,35.902,74185,1,5,58,147,1884
1980,40,39.787,10000000,0,7.7,62,386,76132
1982,46,46.302,1198346,1,6,68,85,10563
1981,58,58.38,102836002,1,5.4,51,101,56536
1981,67,16.641,4578,1,5.9,45,89,11215
1974,56,33.8,234567,1,6.5,89,92,6624
1981,80,39.787,7654,1,6.3,42,91,18579
2017,71,81.928,125010260,0,6.6,58,96,135934
1988,71,72.918,44196684,3,5.7,48,90,50809
1976,77,76.42,7848545,1,6.4,67,107,11168
1983,78,79.303,8541546,1,6.2,58,84,31808
1980,63,66.697,92670237,1,6.4,22,95,135749
1980,80,84.192,31899000,3,7.1,74,104,40838
1957,100,106.929,7654,3,9,96,96,763942
1959,100,104.341,8785465,3,8,95,161,65508
2021,100,101.631,79749,2,6.6,88,100,2062
1966,100,103.938,4521251,2,7.5,78,52,1402
1925,100,110.364,526488,2,8,97,66,57063
1995,100,102.545,5691852,3,8.1,77,101,298619
1967,100,104.352,16218162,3,8.1,92,127,174527
1925,100,108.463,852963,5,8.2,89,95,109735
1940,100,105.084,418529,3,8.1,96,129,91642
1988,100,102.212,74185296,3,8.5,94,89,266784
1989,100,102.702,10176701,3,7,45,137,6417
1921,100,110.657,69688384,0,8.3,58,68,124521
1944,100,109.107,541565,3,7.9,52,88,46839
2018,100,115.188,7691967,3,7.1,88,109,57880
1931,100,107.828,1972914,2,8.3,54,99,155253
2017,100,105.285,7874515,0,7.6,86,96,23137
2020,100,103.379,609586,3,8,97,101,31753
1940,99,110.938,6002370,3,6,46,123,40686
1993,100,103.279,7266393,3,7.4,89,109,39994
1954,100,109.374,878452,3,8.6,98,207,339009
1943,100,107.641,87815,2,7.8,94,108,64627
1952,100,110.172,7235585,0,8.3,99,103,237139
1979,100,103.012,296334,3,8.1,89,162,131448
1985,100,105.082,985454,0,7.9,87,114,18557
1994,100,101.27,655454,3,8.1,100,99,101519
1935,100,107.903,3202000,0,7.7,92,101,19036
1953,100,104.525,678899,5,8.2,85,131,60070